a.ID,b.ID,r.location,r.times,r.data
0,2,"[7.820000,3.540000]",5,\xAA\xBB\xCC\xDD
2,5,"[2.870000,4.230000]",2,NO hex code
3,7,"[3.650000,8.440000]",3,MIXED \xAC with ASCII \x0A
7,3,"[2.110000,3.100000]",7,\xA1*
8,3,"[2.200000,9.000000]",9,:\xA3
9,3,"[3.000000,5.200000]",11,NO hex code
10,2,"[3.500000,1.100000]",13,:\xA3
