a.ID,b.ID,r.year,r.grading,r.rating
3,4,2015,"[3.800000,2.500000]",8.200000
5,6,2010,"[2.100000,4.400000]",7.600000
7,6,2015,"[9.200000,3.100000]",9.200000
